Copies,Probability
0,0.22924636114989577
1,0.40360274850333766
2,0.26906849900222507
3,0.08477500653494761
4,0.012601690160600323
5,0.000705694648993618
